order_id,order_date,customer_id,product_id,region_id,quantity,unit_price,cost
1,2024-02-14,208,776,210,2,96.77,286.64
2,2024-10-09,888,632,502,6,434.72,266.84
3,2024-10-21,415,795,43,10,370.31,117.21
4,2025-02-15,404,627,962,10,300.96,159.94
5,2024-01-11,806,40,534,2,231.29,248.97
6,2025-11-19,899,252,532,9,203.85,221.88
7,2024-06-09,397,529,784,1,103.03,134.67
8,2025-02-24,793,848,293,8,91.58,91.85
9,2025-11-07,707,530,926,3,237.15,195.6
10,2025-10-01,740,513,116,3,391.58,281.66
11,2024-01-20,560,139,403,7,168.5,12.35
12,2024-09-24,605,919,730,4,442.45,31.6
13,2025-02-04,709,665,929,3,362.0,41.45
14,2025-09-07,724,461,650,6,51.8,213.65
15,2024-07-27,627,973,164,7,279.67,17.95
16,2025-07-11,935,344,580,3,89.44,47.66
17,2024-01-03,53,430,316,5,367.78,288.49
18,2025-03-12,642,186,121,3,480.61,6.04
19,2025-04-17,13,470,510,8,276.32,6.7
20,2024-08-14,244,223,603,8,232.33,135.35
21,2024-04-26,615,7,251,9,146.28,190.45
22,2025-06-03,51,190,152,1,330.11,15.83
23,2025-11-29,684,592,859,10,156.24,276.51
24,2025-11-12,112,427,183,3,339.32,185.27
25,2024-01-24,717,610,587,9,96.94,139.32
26,2024-05-19,369,954,37,2,386.57,100.23
27,2024-12-09,840,70,777,7,423.22,24.15
28,2024-09-06,138,125,712,5,171.31,127.06
29,2025-06-01,713,215,627,1,63.56,220.27
30,2024-03-28,542,90,496,10,467.61,295.95
31,2025-03-13,438,624,869,6,137.23,174.67
32,2024-04-03,363,950,133,10,285.69,158.31
33,2024-03-25,510,505,828,3,443.0,73.65
34,2025-03-10,199,2,122,1,237.79,240.04
35,2025-06-03,819,631,425,7,32.29,108.15
36,2024-03-20,218,12,656,4,348.11,80.05
37,2025-10-24,316,308,519,9,168.72,6.81
38,2024-01-30,342,350,406,10,311.84,13.59
39,2025-07-06,199,339,854,6,461.92,146.34
40,2024-09-03,817,37,662,3,245.93,190.02
41,2024-07-01,918,344,474,7,464.62,21.53
42,2024-07-17,307,579,743,6,282.04,10.52
43,2024-05-20,702,340,819,6,42.44,49.04
44,2025-12-01,348,385,642,9,422.78,173.44
45,2024-11-29,192,610,120,5,355.58,97.78
46,2025-11-30,279,424,89,8,439.75,114.62
47,2025-02-26,222,538,310,3,64.99,236.56
48,2025-06-09,936,95,455,9,22.22,147.39
49,2024-08-07,158,195,349,8,368.9,159.47
50,2025-01-31,147,788,893,2,412.85,281.72
51,2024-02-09,136,211,742,1,235.09,215.53
52,2024-07-16,119,5,319,1,346.66,180.31
53,2025-10-04,342,479,911,1,60.52,231.02
54,2025-02-16,24,592,777,5,323.04,66.9
55,2025-06-10,198,294,284,9,166.38,135.13
56,2025-09-03,280,153,162,5,66.09,287.7
57,2024-06-07,527,105,212,9,181.66,98.95
58,2025-08-10,966,722,824,5,291.3,55.53
59,2025-02-17,628,914,347,9,227.39,43.37
60,2024-09-06,925,692,52,2,197.96,30.41
61,2024-11-26,184,722,611,10,318.44,208.59
62,2024-10-02,632,365,320,6,410.55,215.31
63,2024-02-15,829,547,81,8,288.22,32.41
64,2024-01-17,480,100,467,5,345.39,214.51
65,2024-09-12,482,238,971,4,80.42,269.23
66,2025-04-12,935,373,402,3,352.81,201.23
67,2025-02-03,465,500,31,2,242.91,108.68
68,2024-09-16,867,175,290,6,306.18,42.58
69,2025-09-18,416,838,732,2,169.68,196.59
70,2025-02-26,546,473,411,10,212.59,188.16
71,2024-06-19,163,998,494,7,42.37,66.43
72,2024-01-22,606,442,804,7,287.93,105.95
73,2024-01-22,242,178,679,2,372.29,215.01
74,2024-08-21,118,607,611,8,169.44,33.81
75,2024-10-03,181,316,979,7,44.11,37.08
76,2024-05-01,790,840,389,6,252.2,199.75
77,2025-10-01,223,837,143,10,452.6,192.66
78,2026-01-01,776,151,677,3,231.96,90.99
79,2024-04-11,592,458,201,4,343.94,98.4
80,2024-05-28,814,936,696,5,460.07,281.32
81,2025-01-14,92,597,9,10,493.35,124.24
82,2025-08-24,873,302,64,6,451.53,290.53
83,2026-01-01,721,574,841,6,63.75,88.25
84,2025-12-01,241,443,720,10,203.19,98.85
85,2024-12-06,416,391,446,9,113.5,56.16
86,2025-08-12,193,569,394,6,421.58,50.51
87,2024-02-15,129,138,12,2,327.71,47.48
88,2024-08-21,674,448,999,3,51.49,194.46
89,2024-11-02,881,467,916,10,465.85,188.86
90,2024-09-23,522,435,566,8,198.51,71.59
91,2024-10-24,620,8,592,8,424.93,74.84
92,2024-08-06,276,421,949,9,292.41,14.87
93,2025-11-24,582,495,722,6,65.45,147.05
94,2024-01-25,82,146,748,9,491.95,295.18
95,2025-03-21,477,530,81,9,446.06,31.09
96,2024-09-05,646,760,680,2,345.2,164.06
97,2024-05-18,320,628,55,6,272.17,8.18
98,2024-09-24,525,928,481,10,369.57,129.2
99,2025-03-06,297,172,37,10,377.22,219.46
100,2024-06-03,267,63,645,8,293.29,173.99
101,2024-02-29,299,829,756,10,23.38,148.0
102,2025-08-25,518,79,872,5,133.5,186.66
103,2025-03-26,879,264,15,2,305.87,273.49
104,2025-07-31,675,458,379,3,138.01,211.73
105,2024-08-23,186,819,541,1,178.0,29.9
106,2025-08-06,610,957,842,3,420.43,227.06
107,2024-11-05,789,393,244,8,365.74,54.35
108,2024-05-20,752,863,354,1,324.71,227.87
109,2025-09-05,54,172,476,7,243.35,145.5
110,2024-07-05,240,389,700,7,242.55,47.82
111,2024-10-13,13,296,950,8,197.18,98.13
112,2024-07-08,700,979,43,2,459.68,193.04
113,2024-10-16,626,941,668,5,174.13,83.79
114,2025-09-23,262,671,599,7,235.94,204.21
115,2025-04-29,752,689,603,4,264.78,204.93
116,2025-07-01,321,561,11,1,417.53,8.53
117,2025-09-23,538,107,702,8,182.24,218.95
118,2025-04-19,198,35,25,10,55.05,281.86
119,2024-02-29,916,856,223,10,322.66,213.88
120,2025-09-01,89,877,620,3,194.22,230.34
121,2024-03-09,580,823,991,3,449.04,210.22
122,2025-04-17,302,479,677,2,323.0,277.2
123,2025-03-24,788,438,709,6,136.09,235.32
124,2025-03-24,796,64,392,7,173.0,22.72
125,2025-04-05,183,452,72,8,489.92,64.2
126,2024-11-25,183,661,504,2,80.5,231.77
127,2025-05-23,629,659,109,8,360.55,35.47
128,2025-10-19,73,586,746,5,390.85,10.54
129,2024-08-10,153,669,656,1,467.12,201.06
130,2025-04-04,156,717,338,7,291.57,157.04
131,2024-08-17,490,447,414,2,274.66,5.98
132,2024-01-27,838,799,494,2,287.95,280.84
133,2024-12-30,342,699,311,7,37.05,299.12
134,2024-03-10,93,375,548,6,49.42,140.59
135,2025-03-11,664,208,181,9,29.27,118.33
136,2025-06-20,307,713,400,2,319.0,110.98
137,2025-10-07,907,648,449,4,78.57,61.96
138,2024-05-04,245,501,399,2,398.44,194.81
139,2024-08-08,547,989,855,8,483.62,9.84
140,2025-01-19,58,346,807,1,208.7,67.45
141,2024-03-03,684,536,470,9,82.99,175.91
142,2025-10-20,38,754,145,8,330.38,144.01
143,2024-04-08,47,249,719,3,17.04,191.64
144,2025-02-21,841,813,100,8,309.5,251.43
145,2025-10-28,838,838,109,2,253.6,240.76
146,2025-05-21,65,824,208,7,175.3,251.59
147,2024-02-07,412,333,124,10,277.48,99.87
148,2025-05-28,783,47,608,3,174.4,40.62
149,2025-08-10,776,426,173,6,281.17,134.41
150,2024-05-16,42,137,103,10,194.3,51.54
151,2024-08-21,83,7,8,3,463.81,213.49
152,2024-05-04,909,291,427,8,349.26,65.82
153,2024-03-17,278,536,462,7,127.23,56.49
154,2024-01-24,39,611,185,8,309.9,30.97
155,2025-02-27,357,429,5,9,125.46,39.66
156,2024-07-08,98,634,371,9,258.69,141.94
157,2024-03-31,676,214,284,1,104.92,240.0
158,2024-01-31,865,992,934,8,253.78,52.13
159,2025-11-18,56,661,373,5,112.7,79.16
160,2024-04-10,825,912,777,8,31.23,223.42
161,2024-06-30,181,162,805,1,247.68,39.24
162,2025-05-06,739,456,607,10,169.73,63.63
163,2024-02-08,920,334,236,2,169.8,33.93
164,2024-11-05,891,205,385,4,46.03,177.6
165,2025-11-07,912,447,149,4,464.66,139.22
166,2024-12-01,383,140,469,4,319.69,292.79
167,2025-06-08,344,131,33,10,39.23,45.27
168,2024-09-12,470,429,176,6,117.73,92.07
169,2025-07-25,809,814,654,10,453.73,175.55
170,2024-06-14,876,236,89,7,429.92,149.32
171,2025-05-25,606,485,858,8,146.79,220.36
172,2025-04-24,254,336,445,10,118.98,278.61
173,2025-08-02,936,588,920,1,214.71,18.05
174,2024-09-07,752,788,517,1,218.59,121.32
175,2024-01-19,842,101,464,8,127.85,169.75
176,2025-12-20,710,750,417,4,75.03,92.26
177,2024-03-09,93,17,492,5,89.28,140.49
178,2024-05-27,766,598,25,8,237.24,45.89
179,2024-01-12,416,190,809,6,317.14,212.65
180,2025-12-31,882,643,73,7,447.78,103.21
181,2025-11-29,304,437,771,5,352.05,185.69
182,2024-05-22,814,213,807,2,314.02,104.03
183,2025-11-06,528,969,932,6,445.11,37.74
184,2024-12-23,477,634,42,6,189.55,196.21
185,2024-01-11,69,575,727,4,77.82,103.8
186,2024-06-28,117,665,490,10,436.85,212.34
187,2025-05-16,329,362,920,5,256.75,129.76
188,2025-11-07,65,382,354,8,248.25,160.37
189,2025-08-29,482,727,545,9,450.73,138.33
190,2024-12-21,820,690,969,2,102.29,265.77
191,2025-10-04,83,401,920,3,151.3,287.2
192,2025-09-12,169,283,115,3,253.2,263.12
193,2024-07-17,975,643,24,5,214.1,206.31
194,2025-08-19,486,356,431,8,371.48,11.34
195,2025-06-22,65,23,893,4,419.12,158.29
196,2025-01-23,422,593,352,6,248.21,201.43
197,2024-07-08,863,562,456,8,159.0,43.93
198,2025-02-22,176,809,267,4,247.28,291.36
199,2025-11-14,152,362,292,8,478.54,187.5
200,2025-07-21,729,549,293,3,486.87,252.6
201,2024-01-23,927,683,814,3,89.01,39.49
202,2025-02-11,589,130,452,5,191.14,65.52
203,2024-01-08,36,682,325,6,82.49,137.29
204,2025-07-19,547,309,125,1,208.24,152.33
205,2025-08-06,971,470,951,6,86.47,291.19
206,2024-06-21,1000,520,340,5,242.22,90.5
207,2024-05-24,683,151,819,10,366.99,277.08
208,2025-01-20,706,116,750,8,451.09,46.13
209,2024-06-16,120,316,26,7,312.59,70.01
210,2025-01-01,95,335,57,10,324.24,177.11
211,2025-05-19,801,959,786,5,105.9,29.66
212,2024-10-02,694,688,981,2,488.16,121.35
213,2024-08-17,326,618,620,9,472.27,272.99
214,2024-12-28,408,152,734,7,191.12,114.99
215,2025-03-16,354,360,316,8,438.41,30.84
216,2024-10-04,760,426,823,8,151.43,242.67
217,2024-10-24,747,918,425,3,419.4,181.39
218,2025-08-07,213,311,487,9,493.45,24.5
219,2024-05-07,775,385,91,1,210.64,274.75
220,2024-11-03,180,570,474,10,380.07,45.39
221,2025-06-25,853,391,297,9,250.39,247.73
222,2025-02-26,855,600,312,8,284.05,141.72
223,2025-12-05,811,3,158,5,157.08,193.96
224,2024-03-21,484,128,670,5,214.41,150.11
225,2024-01-28,661,251,30,2,384.71,150.45
226,2025-10-25,614,764,371,10,245.44,133.64
227,2025-04-12,644,703,488,2,192.87,221.22
228,2025-12-15,866,266,167,10,38.67,99.31
229,2024-01-23,139,366,168,1,143.61,128.76
230,2025-01-02,50,297,299,9,323.08,27.66
231,2025-06-17,785,644,188,2,303.39,54.31
232,2025-02-05,894,324,847,5,143.01,210.9
233,2024-12-26,99,548,594,6,413.42,8.8
234,2024-07-20,289,382,798,8,211.88,276.67
235,2025-07-19,105,224,159,9,118.35,60.58
236,2024-06-08,629,707,852,9,424.57,215.2
237,2024-01-13,775,822,117,7,235.64,27.54
238,2025-08-20,946,18,492,6,162.67,111.96
239,2024-10-06,912,612,536,6,94.38,94.88
240,2025-09-02,228,132,878,3,347.14,95.69
241,2025-06-01,134,81,436,2,48.09,233.53
242,2024-10-17,44,202,111,1,398.6,156.48
243,2025-11-02,481,122,931,5,31.21,93.99
244,2025-12-22,773,99,802,2,460.85,65.59
245,2025-06-11,190,687,360,1,54.48,254.53
246,2025-03-23,972,594,357,6,88.67,152.69
247,2024-04-14,248,518,584,2,58.56,175.55
248,2025-12-18,542,223,733,4,482.49,55.67
249,2024-06-30,5,997,743,2,462.87,276.54
250,2024-01-08,487,376,715,10,100.71,203.69
251,2025-09-14,186,855,364,7,217.81,156.7
252,2024-11-10,116,780,322,2,238.29,158.32
253,2024-08-12,781,370,722,5,282.99,16.98
254,2025-01-31,506,119,395,5,233.9,222.17
255,2024-01-29,1000,862,455,4,281.42,90.72
256,2024-10-20,194,878,72,8,470.15,113.4
257,2025-12-19,691,504,689,2,204.22,159.19
258,2024-02-09,88,123,147,7,206.31,179.21
259,2025-09-19,760,948,914,3,41.71,292.69
260,2025-01-20,206,610,865,7,70.15,252.24
261,2024-08-08,286,784,731,10,300.89,228.11
262,2024-03-13,966,410,365,8,336.67,285.29
263,2024-08-23,524,286,151,8,62.94,78.95
264,2024-08-10,237,644,966,3,24.56,222.65
265,2025-10-24,511,695,28,3,197.49,205.37
266,2025-07-29,311,637,639,2,382.48,200.02
267,2024-07-18,786,505,812,8,108.95,200.32
268,2024-08-17,517,268,556,6,406.65,164.46
269,2025-12-14,976,783,33,7,441.26,40.14
270,2024-09-28,323,874,386,8,235.23,14.69
271,2024-06-10,676,882,799,5,443.5,53.42
272,2024-10-17,138,320,733,7,248.85,37.27
273,2024-02-10,503,676,568,9,290.38,145.39
274,2025-07-25,519,58,401,5,252.4,291.41
275,2024-04-10,693,362,785,5,167.04,13.3
276,2025-11-16,132,858,376,6,406.68,177.27
277,2024-04-01,350,390,100,7,179.12,110.42
278,2025-01-07,58,678,251,4,124.96,97.07
279,2025-10-07,933,705,68,5,66.09,55.08
280,2024-06-29,334,39,472,7,288.34,270.92
281,2025-04-03,21,713,481,10,20.9,98.37
282,2024-05-27,400,331,587,2,406.08,34.52
283,2024-02-10,211,345,509,9,407.61,201.88
284,2025-07-15,630,307,373,7,108.86,192.46
285,2025-10-16,861,871,549,4,150.8,19.02
286,2024-05-24,412,824,232,10,374.02,32.13
287,2024-05-19,98,607,345,5,42.96,241.35
288,2024-09-02,438,215,356,2,329.25,94.04
289,2025-02-28,444,680,553,6,108.04,123.68
290,2024-04-02,528,465,688,9,98.49,10.49
291,2024-01-12,529,884,192,10,254.61,199.94
292,2024-09-10,275,960,654,9,406.38,256.57
293,2024-10-14,958,580,745,1,265.91,112.46
294,2025-08-03,247,155,765,5,423.62,126.03
295,2025-10-28,650,209,867,7,140.8,89.68
296,2025-07-21,263,704,616,4,208.87,38.5
297,2025-06-19,29,252,817,5,237.44,170.15
298,2024-10-12,433,663,928,1,108.98,85.45
299,2025-12-03,265,809,823,5,332.75,56.92
300,2025-11-19,987,740,498,1,37.11,269.47
301,2025-02-14,617,306,888,2,451.28,125.07
302,2024-12-25,688,674,907,2,204.48,252.74
303,2025-08-11,242,115,585,9,467.14,158.98
304,2024-05-17,973,794,954,9,133.39,265.95
305,2025-05-03,615,126,792,6,171.35,177.38
306,2024-11-28,826,767,762,4,468.4,69.31
307,2025-09-14,180,220,994,5,225.34,80.02
308,2024-05-08,58,503,547,6,352.81,38.32
309,2024-06-22,434,487,700,4,482.02,264.43
310,2025-08-06,372,487,733,6,412.47,11.22
311,2024-04-21,36,862,758,1,348.43,237.7
312,2025-05-01,260,566,394,5,323.09,211.68
313,2024-01-31,125,548,888,4,430.25,119.6
314,2024-11-25,950,940,262,5,54.22,247.7
315,2025-05-05,305,216,881,3,458.79,191.25
316,2024-03-13,417,809,35,5,434.56,247.84
317,2024-08-16,483,755,423,6,361.52,263.64
318,2025-09-21,845,165,716,5,258.1,108.8
319,2024-04-25,747,833,561,6,232.1,13.07
320,2025-11-09,657,657,189,8,397.6,45.15
321,2024-11-17,205,644,313,6,292.15,37.69
322,2025-04-21,529,731,993,3,425.01,207.3
323,2025-02-08,463,490,895,3,137.73,207.8
324,2025-01-31,819,289,204,2,213.1,58.66
325,2024-12-11,968,855,906,10,120.0,284.69
326,2024-06-09,663,627,642,4,454.35,292.37
327,2025-06-12,269,719,873,3,34.39,187.31
328,2024-04-27,267,153,92,6,93.36,172.34
329,2025-12-18,736,539,446,8,415.36,150.77
330,2025-05-17,731,209,196,5,151.1,150.78
331,2025-08-21,442,877,212,10,115.63,248.11
332,2024-02-08,194,429,185,7,398.31,13.49
333,2025-04-08,242,633,462,4,191.12,206.86
334,2024-09-19,88,11,481,3,437.01,292.45
335,2024-11-20,704,218,731,7,357.14,222.15
336,2025-04-14,75,98,571,1,35.54,279.66
337,2024-09-06,931,363,621,10,357.69,243.91
338,2025-12-27,260,517,635,7,158.23,121.44
339,2024-12-18,136,992,914,9,30.15,57.91
340,2025-07-12,516,505,953,6,440.17,43.92
341,2025-02-11,728,544,444,3,137.6,97.41
342,2025-08-24,512,893,997,5,376.43,278.24
343,2025-03-18,925,898,270,10,416.5,278.38
344,2024-07-21,321,447,915,3,164.62,298.4
345,2025-07-31,570,874,946,8,36.08,48.84
346,2025-05-11,188,37,482,5,90.14,142.8
347,2025-09-05,917,950,507,1,226.34,296.7
348,2024-06-06,497,469,505,2,424.46,260.73
349,2025-08-28,358,96,209,5,98.52,54.65
350,2024-07-30,843,280,577,10,114.07,299.41
351,2025-12-28,539,786,585,3,214.05,27.67
352,2024-08-09,694,97,909,6,22.72,205.99
353,2024-02-05,125,404,383,10,465.28,36.29
354,2025-02-04,158,30,84,8,417.04,199.56
355,2024-09-24,644,979,276,10,332.42,102.18
356,2025-11-18,672,638,974,8,169.21,220.81
357,2024-05-29,133,217,884,1,402.76,88.47
358,2025-11-06,762,73,561,10,196.88,122.66
359,2025-07-03,246,989,790,7,53.7,256.44
360,2025-07-19,398,799,413,5,327.11,286.56
361,2025-07-28,124,306,503,7,370.59,276.9
362,2024-01-31,618,135,368,2,417.71,156.23
363,2024-08-18,457,907,398,8,141.55,182.1
364,2025-10-01,775,433,831,6,310.8,133.06
365,2024-10-22,96,42,526,6,486.9,204.55
366,2024-03-09,703,731,159,8,268.37,195.93
367,2025-10-08,298,480,448,2,454.53,145.9
368,2025-08-02,131,701,925,5,422.35,159.31
369,2025-03-05,583,49,565,2,459.48,156.46
370,2024-07-28,436,423,97,8,333.82,172.7
371,2025-04-17,364,261,600,2,386.64,9.8
372,2024-02-24,474,184,806,3,423.03,18.35
373,2024-11-01,898,722,305,6,297.73,139.22
374,2024-02-15,461,639,828,5,177.25,275.84
375,2025-06-24,217,190,81,10,137.07,203.66
376,2024-10-14,548,19,6,7,67.17,55.66
377,2024-08-31,472,709,415,10,365.7,94.33
378,2024-04-10,370,708,690,7,404.27,30.85
379,2025-08-16,15,196,115,1,351.06,60.53
380,2025-12-05,215,493,665,3,328.37,133.56
381,2024-03-31,879,809,552,4,52.19,232.07
382,2025-08-03,486,433,23,2,91.39,49.96
383,2024-01-13,456,987,497,8,19.62,137.61
384,2025-04-28,207,302,584,7,34.95,7.32
385,2024-03-27,868,731,443,7,425.82,222.44
386,2024-05-01,749,568,298,1,248.87,148.4
387,2024-05-06,743,627,958,8,123.63,22.91
388,2025-12-13,433,591,324,9,41.12,268.4
389,2024-10-31,911,485,120,8,315.12,195.62
390,2024-09-29,715,447,22,3,151.13,61.7
391,2025-01-14,449,238,520,4,297.95,207.07
392,2024-04-25,874,863,733,8,74.27,91.55
393,2024-01-04,400,983,427,6,400.03,240.93
394,2025-07-20,637,213,290,2,336.86,43.08
395,2025-06-11,161,621,504,2,398.81,283.2
396,2024-08-14,311,241,215,9,33.05,10.35
397,2025-04-09,366,694,163,3,415.69,268.86
398,2025-11-30,827,66,346,7,65.84,71.87
399,2024-06-05,230,499,265,6,394.59,231.97
400,2024-06-10,274,918,155,9,306.1,35.72
401,2025-11-11,949,969,449,8,481.7,227.95
402,2025-09-15,801,626,625,2,413.57,17.38
403,2025-09-16,172,646,121,4,456.38,51.32
404,2025-03-08,726,453,781,9,254.21,261.8
405,2025-07-28,663,373,343,3,70.26,64.56
406,2024-11-02,788,788,7,4,419.06,144.73
407,2025-03-14,518,176,88,5,192.49,227.68
408,2024-12-28,645,681,252,3,379.07,161.25
409,2025-05-13,142,822,440,7,459.83,269.93
410,2024-07-22,814,699,371,1,226.86,232.19
411,2024-07-21,967,72,87,6,164.25,294.67
412,2025-07-17,445,63,403,1,333.49,194.23
413,2024-05-23,60,647,731,9,486.6,128.7
414,2024-02-04,718,567,895,5,363.56,97.54
415,2025-01-14,9,847,287,9,309.1,48.32
416,2024-11-14,457,660,211,9,315.94,187.37
417,2024-10-06,715,354,909,7,389.95,264.89
418,2025-10-07,38,551,343,7,365.3,223.32
419,2025-08-25,533,554,291,4,55.48,167.78
420,2024-07-17,349,776,651,3,21.48,267.64
421,2024-06-28,607,265,248,5,365.99,296.15
422,2025-09-10,750,62,862,6,137.28,154.71
423,2025-08-28,49,775,667,2,229.88,173.87
424,2025-12-27,465,348,242,10,287.14,268.83
425,2024-03-30,682,547,865,10,124.58,93.26
426,2024-02-19,804,835,733,10,339.49,215.73
427,2024-07-18,756,254,108,6,263.06,61.8
428,2024-12-28,466,101,151,7,415.93,29.17
429,2025-10-30,436,910,134,8,115.24,28.03
430,2024-02-08,539,413,603,9,264.28,121.46
431,2025-04-06,599,511,652,7,498.29,208.26
432,2024-08-18,750,997,427,3,80.73,42.5
433,2024-01-04,469,133,992,9,433.0,39.83
434,2025-05-29,467,485,34,3,472.59,113.95
435,2025-09-02,617,873,419,2,69.22,173.67
436,2025-11-21,536,157,121,6,159.41,115.47
437,2025-03-06,498,29,811,3,79.65,178.94
438,2025-11-13,960,916,313,5,115.63,246.64
439,2024-08-19,3,126,561,6,43.11,18.18
440,2024-08-27,587,318,580,8,451.14,235.5
441,2024-09-02,855,738,854,10,75.08,45.86
442,2024-03-21,472,780,461,8,83.0,219.72
443,2025-10-02,820,640,681,10,210.72,73.68
444,2024-11-23,348,554,47,8,370.6,195.55
445,2025-07-16,725,26,586,5,284.91,41.52
446,2024-06-08,88,198,979,10,275.5,228.5
447,2024-05-28,535,194,769,8,256.29,10.51
448,2024-02-27,959,545,185,1,144.73,65.71
449,2024-01-10,860,909,594,8,51.48,162.4
450,2025-02-07,412,604,47,8,432.37,11.86
451,2024-10-11,185,425,25,9,165.52,80.87
452,2025-09-06,102,555,173,5,80.58,80.39
453,2025-10-02,158,315,976,7,342.52,22.38
454,2025-02-02,186,28,731,1,156.03,34.13
455,2025-08-09,423,915,332,5,194.0,249.18
456,2025-08-31,54,208,246,10,297.15,150.43
457,2024-08-03,395,973,118,5,39.71,142.12
458,2024-11-11,68,496,30,7,320.44,274.55
459,2025-12-13,276,568,987,10,340.8,77.66
460,2024-06-12,668,805,129,5,288.44,136.56
461,2024-03-21,513,209,802,3,192.92,295.67
462,2025-04-25,551,976,434,9,231.35,5.3
463,2024-09-13,985,850,636,5,330.0,54.38
464,2025-11-01,956,944,494,5,302.96,252.65
465,2024-12-08,360,863,648,4,296.73,155.55
466,2025-11-16,166,757,547,10,44.27,31.47
467,2024-01-17,126,851,144,9,499.42,264.09
468,2025-05-31,626,517,981,6,443.13,283.9
469,2024-03-22,268,771,725,8,143.78,200.37
470,2025-02-06,350,216,471,10,170.94,274.64
471,2025-08-18,662,945,3,10,243.5,270.93
472,2024-02-13,178,424,570,8,383.61,163.75
473,2024-03-08,667,80,552,1,447.36,245.74
474,2024-10-03,689,127,362,7,415.46,110.6
475,2025-07-04,860,787,832,1,71.13,114.29
476,2025-06-18,456,10,227,1,381.63,205.76
477,2024-01-06,367,197,93,10,316.37,243.48
478,2025-05-20,240,506,991,6,28.03,150.39
479,2024-01-12,724,621,215,1,106.08,247.23
480,2024-11-22,114,891,285,10,255.16,55.29
481,2025-06-17,676,757,580,10,286.92,24.28
482,2025-08-23,764,67,131,5,467.45,257.37
483,2024-07-15,747,802,281,4,425.36,11.82
484,2024-01-23,695,546,630,5,343.53,265.52
485,2025-12-30,961,438,657,1,428.39,100.28
486,2024-11-11,281,125,697,9,238.63,111.63
487,2025-11-18,906,739,230,1,146.19,128.92
488,2024-09-29,324,6,402,4,174.01,264.63
489,2025-12-07,756,232,707,7,479.31,275.51
490,2025-06-14,169,338,319,2,316.74,33.53
491,2024-08-28,443,828,25,10,400.64,280.84
492,2025-04-20,254,111,485,4,479.81,250.59
493,2025-01-25,533,814,243,2,390.12,187.77
494,2025-09-26,641,458,593,2,51.91,22.9
495,2025-11-28,387,321,912,2,393.5,23.29
496,2024-10-06,57,309,626,7,42.24,204.88
497,2024-06-08,54,302,871,7,206.82,187.1
498,2024-11-07,239,886,614,10,15.2,118.26
499,2024-10-20,902,636,635,2,176.41,281.59
500,2025-12-06,465,530,337,10,104.32,35.29
501,2024-05-02,731,70,608,4,453.14,42.16
502,2024-07-29,263,364,432,8,365.07,136.16
503,2025-04-28,141,817,46,1,72.56,177.43
504,2024-07-25,983,668,773,6,162.48,266.14
505,2025-08-05,151,481,317,10,178.02,113.8
506,2025-12-24,531,601,674,3,38.09,154.6
507,2024-06-08,880,56,433,6,105.75,64.11
508,2025-06-09,805,71,350,4,337.25,209.96
509,2024-09-10,615,710,340,10,287.39,104.02
510,2025-03-01,429,337,167,2,232.61,237.81
511,2025-11-19,508,225,943,1,323.0,209.5
512,2024-09-11,639,219,245,8,369.95,286.01
513,2025-01-27,827,758,385,4,206.15,248.69
514,2025-12-26,372,11,76,6,24.71,38.98
515,2025-03-10,451,200,647,10,457.23,111.17
516,2025-12-02,204,203,291,3,117.28,82.29
517,2025-07-07,348,868,568,4,97.49,11.34
518,2025-04-08,933,104,22,3,195.67,237.29
519,2025-09-10,347,959,216,5,233.54,114.04
520,2024-12-16,677,176,964,9,488.78,299.32
521,2024-10-14,900,729,67,2,80.77,277.63
522,2025-06-21,197,546,388,6,165.8,131.71
523,2024-03-21,251,944,48,10,297.79,257.06
524,2025-03-06,809,153,336,4,36.1,239.71
525,2025-08-25,872,521,992,10,444.06,66.73
526,2025-10-10,804,482,810,10,41.79,155.04
527,2024-03-12,770,522,384,8,264.26,57.8
528,2024-01-03,383,539,712,8,360.67,150.96
529,2025-04-02,596,411,654,10,328.37,66.12
530,2025-06-08,463,884,241,7,117.11,130.38
531,2024-12-11,586,161,958,6,134.72,30.0
532,2025-10-07,303,456,532,6,122.79,17.14
533,2024-07-26,637,345,437,8,239.1,125.64
534,2024-08-10,325,280,392,1,97.99,73.97
535,2024-03-12,78,368,924,2,154.31,153.02
536,2024-06-21,660,81,805,5,464.04,34.03
537,2025-10-20,369,40,560,4,173.54,204.16
538,2025-04-20,310,764,836,5,103.41,183.19
539,2025-08-13,876,771,734,9,457.07,7.52
540,2025-03-01,289,843,355,7,473.45,247.45
541,2024-03-01,13,484,670,9,494.74,285.69
542,2024-11-20,234,233,741,4,242.47,157.17
543,2024-06-15,776,480,740,8,176.92,30.33
544,2025-06-23,440,789,965,7,112.7,137.74
545,2024-06-09,31,384,143,10,438.14,95.14
546,2025-12-23,512,830,675,6,176.51,128.65
547,2024-01-30,771,414,782,9,156.82,178.15
548,2024-05-30,805,33,945,3,85.31,286.03
549,2025-01-28,582,645,819,10,457.74,174.29
550,2024-11-27,391,210,972,7,41.22,119.0
551,2024-09-02,112,337,584,8,323.11,94.87
552,2025-07-10,107,692,567,3,25.71,208.26
553,2024-08-19,28,192,204,2,456.56,118.84
554,2025-06-05,239,299,676,9,44.29,21.95
555,2024-07-20,12,176,335,7,201.64,296.93
556,2025-08-22,550,429,490,2,200.61,271.56
557,2025-06-04,134,892,211,5,221.78,214.35
558,2024-09-02,163,619,589,5,297.87,153.23
559,2024-01-31,470,283,207,1,495.63,136.49
560,2024-11-19,620,827,253,9,171.16,172.92
561,2024-08-17,472,474,590,1,371.27,89.93
562,2024-09-21,356,718,863,5,201.63,247.91
563,2025-07-06,426,256,184,10,369.29,140.06
564,2024-02-27,188,716,583,2,202.84,283.98
565,2025-05-01,907,892,162,5,442.45,163.63
566,2024-02-19,939,69,715,4,455.28,126.33
567,2024-06-14,125,378,79,2,257.15,234.96
568,2024-11-08,462,169,259,4,257.97,141.34
569,2025-10-19,655,712,692,8,196.77,225.06
570,2025-06-16,407,39,11,5,66.19,275.56
571,2025-02-01,687,767,476,8,236.06,29.35
572,2024-02-29,249,731,973,8,78.73,247.03
573,2025-07-20,175,859,19,10,59.25,91.77
574,2024-07-03,760,401,173,2,338.98,8.31
575,2025-03-28,158,452,367,3,116.17,15.16
576,2024-02-10,546,222,453,1,419.89,244.4
577,2024-03-16,679,734,676,2,201.4,95.96
578,2025-11-09,613,5,50,7,385.89,279.0
579,2024-12-14,931,245,205,2,17.86,13.24
580,2025-12-18,346,841,197,2,118.08,265.27
581,2024-02-21,172,742,172,1,213.68,36.77
582,2025-02-01,331,576,642,4,316.09,280.63
583,2024-11-23,962,439,124,4,114.75,110.19
584,2025-07-08,16,412,670,6,15.87,67.77
585,2025-05-21,68,674,835,5,328.47,113.85
586,2025-10-25,907,224,421,5,386.1,152.37
587,2025-09-19,730,550,811,10,94.01,287.92
588,2024-04-27,333,647,714,7,342.17,291.85
589,2024-01-22,137,341,180,6,489.23,201.58
590,2025-10-24,344,19,624,10,229.97,155.75
591,2025-05-08,516,602,722,1,123.98,186.82
592,2025-08-27,317,243,756,7,381.05,187.83
593,2025-11-01,141,384,511,5,108.99,115.85
594,2024-03-15,39,244,946,10,494.39,135.9
595,2025-01-30,138,285,326,1,265.23,293.38
596,2024-03-09,833,296,769,1,122.21,221.2
597,2025-01-16,249,211,553,1,454.25,201.18
598,2025-04-22,821,704,713,4,307.95,117.54
599,2025-02-06,188,453,645,1,41.66,150.03
600,2025-06-18,54,650,145,4,71.52,56.23
601,2024-06-18,852,815,955,4,125.79,28.06
602,2024-09-10,319,169,739,4,130.01,57.05
603,2025-04-22,311,293,591,8,484.19,64.41
604,2024-08-27,82,974,996,6,205.14,54.49
605,2024-10-07,433,518,625,7,382.56,246.78
606,2024-08-26,21,781,391,7,428.48,228.86
607,2025-02-28,610,551,157,9,366.06,80.9
608,2024-09-14,314,465,291,7,285.45,146.85
609,2025-01-25,140,733,481,4,85.81,60.94
610,2025-12-19,883,513,748,6,250.81,278.08
611,2024-11-23,994,761,383,7,249.88,194.11
612,2024-05-09,73,419,907,1,496.31,41.72
613,2024-06-01,167,199,782,7,478.98,232.52
614,2025-01-10,522,727,501,6,351.26,197.02
615,2024-10-24,754,253,249,8,26.91,244.87
616,2024-03-26,724,693,29,3,138.05,139.36
617,2024-02-04,151,261,254,10,293.39,200.47
618,2025-07-20,13,120,790,2,325.75,275.48
619,2024-11-20,724,601,998,2,264.08,60.7
620,2024-10-25,170,850,438,5,349.0,152.69
621,2024-07-05,675,908,392,10,160.91,126.42
622,2025-10-02,112,652,587,6,408.97,84.36
623,2025-06-01,953,767,408,5,13.15,54.68
624,2024-08-16,2,100,72,7,267.23,198.08
625,2024-10-17,175,181,384,3,354.98,63.42
626,2025-06-29,515,972,113,8,287.88,67.71
627,2025-06-10,61,768,188,4,137.08,271.17
628,2024-11-09,452,642,935,10,63.51,192.75
629,2025-10-12,301,88,387,2,145.61,105.93
630,2024-05-12,241,490,497,2,14.66,83.49
631,2025-12-25,682,597,809,1,57.45,159.09
632,2025-12-25,385,618,533,5,466.74,144.6
633,2025-01-21,619,440,345,6,344.11,106.21
634,2025-02-13,837,246,964,6,335.89,116.64
635,2025-11-04,999,365,895,6,405.07,5.91
636,2024-01-17,412,743,856,3,22.58,41.25
637,2024-07-07,287,974,717,4,190.53,187.41
638,2024-02-27,891,487,528,7,333.51,5.92
639,2024-03-19,981,965,833,6,18.15,111.26
640,2025-11-16,993,827,754,6,342.19,73.9
641,2024-08-23,410,757,628,2,180.68,282.03
642,2024-09-01,675,878,717,2,369.8,91.69
643,2025-06-16,730,147,891,9,439.35,236.53
644,2024-08-03,33,131,510,2,157.66,203.55
645,2024-06-19,896,479,173,8,477.98,147.24
646,2024-06-27,247,250,217,3,379.09,199.62
647,2025-10-02,109,446,733,1,88.52,279.05
648,2024-12-05,785,288,226,5,336.31,285.69
649,2024-02-15,127,682,140,9,320.44,150.13
650,2024-01-24,341,893,230,10,385.51,182.2
651,2024-03-13,352,387,933,7,330.42,236.6
652,2024-10-11,828,239,229,5,66.69,30.87
653,2025-10-02,349,759,607,4,374.86,39.25
654,2024-12-21,131,874,321,7,292.69,5.5
655,2025-10-30,605,549,195,7,490.13,99.29
656,2024-12-24,817,696,957,3,264.68,182.48
657,2025-05-19,110,405,10,9,427.66,98.2
658,2025-03-04,858,225,512,8,82.24,88.6
659,2024-02-20,870,821,848,1,303.45,96.12
660,2024-01-27,127,281,869,10,244.36,249.46
661,2024-08-13,299,722,990,7,38.82,244.01
662,2025-07-29,848,734,216,4,353.2,20.51
663,2025-07-02,878,500,745,7,156.56,245.43
664,2025-07-22,23,562,402,6,216.99,144.66
665,2025-01-10,776,401,401,2,268.64,88.5
666,2024-01-19,946,200,718,9,202.95,43.62
667,2024-05-17,887,825,56,5,234.19,53.29
668,2025-08-14,453,713,495,5,449.64,66.88
669,2025-06-15,753,667,10,6,365.72,174.83
670,2024-02-07,805,880,152,7,475.7,131.0
671,2025-07-13,949,58,99,6,487.34,57.99
672,2025-11-09,121,528,666,6,300.76,291.07
673,2024-03-30,740,414,251,1,68.21,122.01
674,2025-02-26,705,611,978,3,329.87,115.73
675,2024-01-24,815,687,675,2,391.09,260.14
676,2024-03-07,392,282,648,8,189.99,40.4
677,2025-10-09,125,501,657,9,120.22,178.12
678,2024-05-25,492,281,711,2,399.23,58.42
679,2024-08-24,661,720,445,5,290.0,34.34
680,2025-10-28,731,931,883,9,100.6,244.8
681,2025-12-12,404,570,838,9,393.9,161.38
682,2025-10-28,532,858,599,9,359.74,238.07
683,2025-08-27,772,772,213,2,98.53,181.74
684,2025-07-01,6,569,458,6,70.29,43.0
685,2025-06-04,669,166,90,9,135.81,227.16
686,2025-10-07,128,519,306,6,483.48,55.62
687,2024-02-28,1,255,308,1,473.65,158.24
688,2025-03-07,675,547,456,3,292.77,210.05
689,2024-07-15,933,361,621,9,260.19,207.94
690,2024-02-23,840,46,243,1,102.16,93.41
691,2025-05-26,981,138,617,9,115.86,110.92
692,2025-08-23,747,638,433,2,279.43,81.9
693,2024-03-07,926,168,410,8,50.79,79.98
694,2024-10-23,963,712,147,9,109.84,190.72
695,2025-04-01,649,714,662,4,360.08,171.27
696,2024-03-09,841,524,620,3,215.65,50.28
697,2024-10-14,389,27,988,10,131.27,84.69
698,2024-07-06,113,701,562,7,42.32,193.85
699,2024-12-26,932,342,797,5,81.7,240.44
700,2025-03-27,11,101,387,4,195.53,35.98
701,2025-08-28,180,540,746,5,298.53,243.01
702,2025-09-26,542,358,718,10,434.05,167.7
703,2024-04-19,102,919,50,3,165.82,226.8
704,2025-06-30,354,826,760,9,280.32,265.2
705,2024-11-15,489,607,131,5,14.65,156.5
706,2025-07-26,674,130,147,7,288.1,83.87
707,2024-03-18,998,380,725,4,342.33,128.38
708,2024-09-20,188,450,363,8,256.09,86.37
709,2024-10-20,534,965,736,4,159.54,258.09
710,2025-02-23,417,790,321,2,320.99,27.62
711,2025-05-01,968,96,170,10,38.13,224.31
712,2024-06-13,952,505,828,1,481.46,130.08
713,2024-07-30,955,749,140,8,253.92,207.11
714,2024-02-08,910,546,715,2,208.68,186.8
715,2025-12-25,732,436,720,9,377.34,77.05
716,2024-02-24,974,943,844,9,345.2,17.5
717,2024-09-29,988,173,691,9,452.86,56.57
718,2024-12-22,860,137,527,6,476.72,129.7
719,2024-12-09,175,383,994,2,175.6,205.32
720,2024-06-28,872,785,879,2,152.13,147.52
721,2025-04-05,219,3,756,10,202.87,277.3
722,2024-03-14,528,846,915,1,468.35,268.29
723,2024-08-20,59,365,7,10,235.57,93.01
724,2025-09-14,6,359,912,3,207.01,7.61
725,2024-10-17,504,203,87,9,262.02,50.34
726,2025-08-28,936,500,8,3,387.03,78.79
727,2024-09-07,405,384,307,6,219.89,58.74
728,2025-04-01,112,450,673,8,89.3,109.35
729,2024-10-14,6,368,905,4,64.23,89.05
730,2025-08-18,405,432,762,6,451.49,52.29
731,2025-06-12,972,491,983,5,68.21,149.28
732,2024-08-12,820,699,732,3,169.19,230.5
733,2024-11-18,514,744,946,7,74.39,287.52
734,2025-12-11,130,160,353,9,16.69,206.91
735,2025-11-09,695,850,351,7,488.45,222.54
736,2024-10-14,492,297,289,8,50.48,131.54
737,2024-04-09,157,747,524,3,132.24,231.18
738,2025-04-07,718,254,683,7,107.22,213.41
739,2025-09-18,718,748,515,10,98.78,297.8
740,2024-05-06,645,650,153,4,69.03,123.38
741,2025-03-27,197,952,150,7,18.65,63.89
742,2025-11-10,390,418,538,5,353.08,294.14
743,2025-05-19,345,437,491,1,259.83,194.94
744,2025-02-24,113,276,373,5,472.07,214.92
745,2025-04-24,328,917,49,3,30.04,20.38
746,2025-02-06,218,293,484,5,455.16,34.72
747,2025-06-26,259,972,504,6,173.8,37.9
748,2024-02-16,14,700,566,3,172.29,223.68
749,2024-12-27,761,798,604,9,306.31,75.28
750,2025-03-25,216,599,394,2,444.72,43.49
751,2024-04-25,124,43,601,4,104.53,136.5
752,2025-09-22,77,965,560,10,178.02,218.98
753,2025-06-09,547,739,158,1,72.64,128.37
754,2024-01-04,259,913,899,9,487.81,269.0
755,2024-09-29,645,735,121,7,43.18,128.61
756,2024-08-04,810,23,171,10,144.33,290.41
757,2025-03-11,47,979,580,1,399.25,209.67
758,2024-11-20,507,702,546,9,486.05,53.83
759,2024-07-29,394,576,799,7,206.42,85.09
760,2025-06-27,4,164,586,4,300.14,7.61
761,2024-07-25,467,516,725,9,136.83,256.48
762,2025-03-04,726,275,566,2,93.84,18.46
763,2025-05-03,299,41,655,3,471.6,86.94
764,2025-08-18,277,895,810,1,324.78,78.46
765,2025-05-31,548,119,2,6,320.01,291.8
766,2025-02-03,86,970,723,9,139.38,44.42
767,2024-04-15,302,333,59,1,413.73,69.69
768,2025-03-21,181,263,995,1,273.32,293.73
769,2024-05-14,109,740,764,7,473.37,80.92
770,2024-03-31,650,619,565,4,410.26,70.09
771,2025-04-01,209,596,645,7,86.26,73.36
772,2024-10-14,378,152,924,8,55.91,58.55
773,2025-06-26,836,884,181,4,289.13,283.29
774,2025-07-01,664,289,22,5,89.83,57.43
775,2024-11-24,704,623,193,2,80.33,130.79
776,2024-09-23,931,661,994,7,59.11,160.4
777,2025-12-20,618,103,387,7,20.15,248.84
778,2024-03-13,958,45,136,4,387.36,83.96
779,2024-03-30,615,14,812,1,479.23,36.37
780,2025-01-20,874,725,88,4,78.22,229.1
781,2024-10-04,836,168,315,6,244.67,76.92
782,2024-06-24,709,274,643,9,70.31,248.35
783,2025-09-18,558,304,106,9,444.36,127.51
784,2025-12-31,935,230,25,4,219.3,48.48
785,2024-03-01,294,232,944,7,346.52,215.88
786,2025-09-08,504,174,113,4,59.85,286.98
787,2025-01-01,79,631,342,2,186.64,277.79
788,2025-10-07,918,45,620,3,97.25,161.49
789,2024-04-27,186,696,436,3,447.63,207.71
790,2024-04-02,838,294,357,2,142.84,152.28
791,2024-12-20,956,272,831,2,396.54,259.21
792,2025-08-02,797,672,151,6,82.41,136.78
793,2024-08-30,835,69,116,10,219.45,219.38
794,2025-08-06,93,331,131,3,386.09,109.02
795,2024-08-13,435,493,711,7,304.85,192.8
796,2025-08-13,822,967,670,4,197.76,167.06
797,2024-06-29,547,505,546,9,412.49,118.47
798,2024-05-17,733,432,540,10,390.53,244.33
799,2025-05-22,720,90,241,6,11.4,298.2
800,2025-12-15,372,572,486,3,461.24,22.58
801,2025-01-09,370,870,870,3,154.4,47.52
802,2024-06-16,996,954,935,7,128.82,249.21
803,2025-11-05,765,142,121,3,194.96,12.77
804,2024-10-24,381,56,719,2,334.75,26.76
805,2024-05-03,892,162,31,3,188.97,28.3
806,2025-10-15,13,583,852,7,83.36,58.82
807,2025-08-11,767,541,716,5,240.39,218.15
808,2024-10-04,801,661,712,1,150.52,50.99
809,2024-03-15,33,619,770,3,256.61,8.21
810,2024-10-25,697,971,897,8,281.54,249.71
811,2024-05-26,514,314,727,4,217.6,51.26
812,2025-09-29,535,387,974,3,374.14,123.12
813,2025-11-05,225,402,189,9,306.49,27.78
814,2024-01-23,480,489,321,7,415.35,53.62
815,2024-12-17,663,435,200,5,63.12,27.95
816,2024-04-24,798,867,344,1,127.37,53.01
817,2025-09-14,67,217,612,1,380.7,96.19
818,2024-06-16,207,654,952,1,127.76,30.09
819,2024-05-28,579,46,578,8,32.38,97.8
820,2025-02-19,9,366,770,5,479.78,152.56
821,2025-02-13,770,401,744,6,487.19,212.28
822,2025-09-24,340,418,919,9,59.49,243.21
823,2025-08-01,25,602,816,7,243.71,261.3
824,2025-11-24,298,166,156,8,48.59,189.66
825,2025-05-09,906,221,827,3,386.72,52.51
826,2024-08-06,529,747,624,9,465.81,105.72
827,2025-08-20,348,298,369,10,429.42,132.12
828,2024-01-03,793,700,397,4,112.32,185.06
829,2025-10-17,982,157,581,8,57.73,9.41
830,2025-02-19,561,889,993,2,254.47,139.17
831,2025-07-12,957,303,166,2,147.26,112.18
832,2025-10-02,73,184,728,8,136.39,144.61
833,2025-04-14,782,898,453,3,470.52,291.65
834,2024-08-20,41,373,880,5,206.46,257.82
835,2024-02-05,133,452,376,9,423.97,285.85
836,2024-12-15,86,699,424,9,230.55,263.84
837,2024-02-03,44,636,660,1,373.11,77.22
838,2024-06-06,9,159,874,2,152.42,51.67
839,2024-11-19,875,75,229,7,438.34,202.4
840,2025-01-09,478,480,658,9,451.06,142.13
841,2025-10-06,185,750,111,7,386.43,63.84
842,2025-01-30,67,325,351,10,248.28,212.18
843,2024-09-01,118,286,466,1,277.09,284.82
844,2025-08-05,656,219,328,10,25.35,182.32
845,2024-12-08,64,959,828,6,396.88,293.68
846,2025-05-28,56,217,889,1,476.8,206.68
847,2025-03-31,259,651,181,2,79.45,85.8
848,2025-10-10,306,895,730,8,436.93,159.81
849,2024-02-16,915,266,189,1,55.3,270.98
850,2025-01-16,987,772,305,3,107.32,282.87
851,2024-08-26,487,549,706,3,483.14,133.85
852,2024-01-23,585,399,843,1,284.85,268.66
853,2025-06-12,80,741,684,10,312.09,100.5
854,2025-02-11,15,155,919,8,467.57,152.34
855,2025-02-11,117,812,994,7,138.77,218.07
856,2024-09-27,966,853,878,3,320.8,193.48
857,2024-05-19,100,38,224,4,215.89,166.1
858,2025-07-15,616,387,222,6,112.78,61.39
859,2024-02-06,591,979,15,6,408.75,9.78
860,2025-02-21,515,839,889,2,352.67,196.43
861,2024-09-22,424,421,361,6,415.81,130.63
862,2025-01-23,117,949,181,8,219.91,57.18
863,2024-05-02,167,556,447,7,149.66,199.58
864,2024-02-05,448,650,291,10,469.57,272.24
865,2025-09-22,90,826,858,2,53.92,9.85
866,2024-11-06,107,509,768,10,464.34,34.41
867,2024-10-04,516,596,826,1,337.18,256.25
868,2025-05-30,229,796,466,9,196.73,62.69
869,2024-09-08,974,128,360,8,212.34,247.02
870,2024-01-12,804,759,406,1,470.41,235.75
871,2024-07-31,291,275,901,5,160.62,271.29
872,2024-11-03,690,248,5,7,26.01,12.74
873,2024-12-14,861,837,532,10,165.56,55.27
874,2024-05-26,441,248,570,7,104.4,195.11
875,2025-11-10,821,955,592,7,73.15,192.7
876,2025-07-08,413,926,326,9,87.64,73.14
877,2024-01-05,821,130,517,2,319.41,236.36
878,2024-03-30,939,267,858,9,87.94,100.11
879,2025-09-28,96,27,448,1,318.16,180.02
880,2025-12-04,633,725,557,2,290.18,12.46
881,2025-08-21,465,650,647,6,101.41,197.49
882,2025-05-19,305,199,549,4,365.89,243.09
883,2024-12-10,789,267,676,1,144.73,280.82
884,2024-03-30,24,654,594,2,64.36,278.52
885,2025-08-29,110,146,290,5,448.36,32.37
886,2024-08-13,865,371,935,4,201.49,149.86
887,2025-12-10,424,76,499,2,113.05,128.87
888,2025-02-14,649,931,462,3,98.11,7.99
889,2025-07-03,676,581,647,10,428.86,39.58
890,2025-01-15,356,496,629,10,277.78,51.72
891,2025-04-16,949,125,198,10,24.48,11.8
892,2024-07-26,780,157,222,6,66.25,69.0
893,2025-01-31,142,226,86,3,141.12,147.06
894,2025-09-29,357,726,565,5,238.85,243.66
895,2024-10-12,525,970,410,4,132.55,63.37
896,2025-03-20,985,403,106,10,398.65,178.34
897,2025-07-16,814,211,977,8,222.4,136.62
898,2024-05-01,766,279,836,6,315.23,184.15
899,2024-10-19,205,581,362,6,449.97,246.71
900,2024-09-28,172,911,35,9,134.0,125.89
901,2024-04-23,847,899,661,9,182.6,13.83
902,2025-07-01,829,331,440,3,185.29,26.43
903,2024-02-29,381,381,149,6,69.93,98.98
904,2025-12-21,735,337,219,8,288.06,99.86
905,2025-05-08,576,68,395,5,304.88,160.54
906,2025-09-18,575,285,734,10,473.67,243.19
907,2024-02-14,77,588,915,7,344.24,133.39
908,2025-02-08,203,202,51,8,254.34,297.13
909,2024-10-27,123,128,464,3,304.7,179.4
910,2025-05-04,591,22,292,1,325.4,257.55
911,2025-12-28,934,473,292,3,422.41,123.83
912,2024-07-04,941,541,41,6,325.94,25.49
913,2025-09-26,850,822,426,5,144.59,227.34
914,2024-11-18,82,570,794,6,251.97,18.89
915,2025-03-02,714,466,506,2,423.11,281.62
916,2025-09-18,30,230,49,1,77.98,298.09
917,2024-01-28,742,447,232,3,53.13,218.61
918,2024-12-20,836,925,551,1,467.71,261.06
919,2025-04-11,905,804,45,2,33.52,94.77
920,2025-04-06,338,705,628,7,142.26,55.25
921,2025-08-13,598,472,123,3,166.47,48.66
922,2024-05-13,910,871,990,7,322.08,202.13
923,2024-07-16,541,247,592,8,334.02,293.02
924,2025-02-06,792,749,495,4,54.98,231.03
925,2024-01-04,85,362,572,4,333.15,221.9
926,2025-06-05,712,80,77,8,39.53,8.87
927,2025-05-25,480,839,395,4,248.95,105.43
928,2024-05-07,780,541,527,6,382.64,96.99
929,2024-09-24,672,158,869,9,61.77,43.37
930,2024-12-25,395,999,464,10,261.6,235.11
931,2025-06-23,71,285,434,3,346.27,285.69
932,2024-05-20,664,105,151,8,439.34,224.78
933,2025-04-30,17,916,472,3,140.71,145.49
934,2024-07-07,464,361,272,2,464.19,29.8
935,2024-10-17,218,155,407,9,221.12,103.45
936,2024-10-07,280,379,101,1,327.82,220.94
937,2024-10-26,199,302,194,7,96.56,86.4
938,2024-04-19,506,532,444,2,343.77,195.67
939,2025-09-10,225,118,55,1,291.86,75.44
940,2024-07-06,104,283,232,10,352.76,124.35
941,2024-11-25,104,226,752,5,252.63,55.45
942,2025-06-07,356,653,295,10,151.11,5.92
943,2025-06-26,516,930,718,10,243.61,95.07
944,2024-01-28,245,175,323,2,91.66,102.99
945,2024-09-22,146,986,14,8,219.68,11.14
946,2025-04-06,903,79,175,1,301.06,291.01
947,2024-05-14,2,501,895,4,241.56,18.33
948,2025-12-15,581,697,298,4,267.38,54.35
949,2025-08-04,794,97,103,5,403.91,104.02
950,2024-08-17,753,360,559,5,335.07,79.79
951,2024-09-19,14,848,362,5,357.98,267.95
952,2024-02-22,878,886,924,10,247.33,84.63
953,2024-07-19,746,656,22,3,489.53,257.6
954,2024-02-26,146,366,510,1,129.74,223.6
955,2024-10-17,369,212,763,2,104.98,286.67
956,2024-03-18,111,989,281,9,450.62,137.53
957,2024-07-11,180,272,933,6,445.12,120.35
958,2024-10-31,968,283,317,4,30.14,158.42
959,2025-01-15,855,628,126,7,399.71,172.17
960,2025-01-11,296,113,993,1,254.47,207.23
961,2024-09-11,698,154,536,5,315.66,200.97
962,2025-02-25,499,296,67,5,17.64,17.08
963,2025-03-18,846,608,127,1,249.3,6.5
964,2025-01-06,677,855,1,1,133.2,108.31
965,2025-03-17,805,880,515,9,85.97,30.37
966,2025-03-30,147,751,202,7,296.76,28.81
967,2025-05-22,33,485,956,6,131.88,205.16
968,2024-12-02,433,409,991,2,447.59,276.46
969,2024-04-30,319,178,578,7,342.67,100.13
970,2024-05-19,143,700,787,4,132.51,127.81
971,2025-06-11,309,313,88,5,287.67,190.35
972,2024-06-22,188,385,802,7,57.06,160.34
973,2024-01-22,321,516,958,6,239.51,131.16
974,2024-10-28,985,421,473,1,457.15,12.79
975,2024-10-27,91,774,144,10,454.36,237.06
976,2024-05-17,525,383,131,10,276.2,171.84
977,2025-03-07,55,774,866,7,71.71,202.67
978,2024-09-15,827,782,896,9,235.51,21.03
979,2025-11-06,277,850,666,2,173.41,33.73
980,2025-03-10,580,494,708,6,433.51,40.83
981,2024-05-13,691,524,758,1,353.77,157.3
982,2024-06-05,759,991,508,3,119.54,204.33
983,2025-07-27,309,644,319,1,404.75,188.98
984,2025-06-10,118,69,1,3,305.86,40.71
985,2025-09-24,254,210,107,8,22.08,154.21
986,2024-11-27,57,949,125,5,208.23,294.9
987,2025-05-06,862,869,560,5,412.63,205.99
988,2024-02-28,632,127,443,3,321.74,59.52
989,2024-02-28,247,175,524,9,108.17,146.74
990,2025-03-11,684,103,983,10,251.55,201.97
991,2024-11-27,396,715,820,2,237.34,244.98
992,2025-08-03,29,291,469,2,286.46,8.25
993,2025-02-25,35,661,667,10,227.79,272.89
994,2025-01-03,986,143,480,8,145.68,294.62
995,2024-12-31,513,877,882,9,113.28,271.25
996,2024-07-13,400,526,65,3,331.4,108.8
997,2024-06-04,348,471,733,3,146.39,229.97
998,2025-02-25,946,404,70,8,194.5,144.17
999,2024-02-27,185,590,726,9,389.95,160.0
1000,2025-08-22,715,332,603,10,180.57,187.16
